<?xml version="1.0" encoding="UTF-8"?>
<!DOCTYPE hibernate-configuration PUBLIC "-//Hibernate/Hibernate Configuration DTD 3.0//EN" "http://hibernate.sourceforge.net/hibernate-configuration-3.0.dtd">
<hibernate-configuration>
    <session-factory>
        <property name="hibernate.connection.driver_class">org.h2.Driver</property>
        <property name="hibernate.connection.url">jdbc:h2:~/ecn</property>
        <property name="hibernate.connection.username">root</property>
        <property name="hibernate.connection.password"/>
        <property name="hibernate.dialect">org.hibernate.dialect.H2Dialect</property>
        <property name="hibernate.hbm2ddl.auto">update</property>
        <property name="hibernate.show_sql">false</property>
        <property name="hibernate.format_sql">true</property>
        <property name="hibernate.current_session_context_class">thread</property>
        <mapping class="com.spachecor.ejerciciofinalsgecn.model.entity.Curso"/>
        <mapping class="com.spachecor.ejerciciofinalsgecn.model.entity.Estudiante"/>
        <mapping class="com.spachecor.ejerciciofinalsgecn.model.entity.Nota"/>
    </session-factory>
</hibernate-configuration>